{
    "XYZ": [
        0.01514415629208088,
        0.05809149146080017,
        0.33399999141693115
    ],
    "Rotation": [
        [
            -0.6100689768791199,
            0.6993447542190552,
            -0.3724684715270996
        ],
        [
            0.4333644211292267,
            0.6880442500114441,
            0.5820571184158325
        ],
        [
            0.6633333563804626,
            0.19368040561676025,
            -0.7228255271911621
        ]
    ],
    "Depth": 0.019999999552965164
}
